pid,age,gender
612adba08b8235b31539c704,34,Female
6a10a23c20db09d4952bfd64,18,Male
5e5521580ee1b951df544c3c,46,Male
661403131cecbe255b64ca6f,36,Female
5dcfaad2dd9a740c2493fc28,37,Male
6a0337c53ab86bad2fd2e25a,39,Male
63d5d501b1850f8500329be9,35,Male
5755c957eb80c4000741a9ce,43,Male
6a00cfcf9297da26cc416931,36,Male
69f23aab27d87023c4d12b28,56,Female
6a0afe59b02506397f21638d,23,Female
5dd2da8c9b66eb2e6e34d829,45,Female
69f48670cedd5791181362cb,41,Male
613e43c8482d4b2138303971,44,Female
605f6b4a2ba01a3c9e925d31,33,Female
6a0061939b0d50b1177ab27d,25,Male
69c5c59cad63583701158593,19,Male
60e845f301f5a5901200baf4,53,Female
69fbbd287ad72ce563b72cb7,31,Male
5a94f57289de8200013ecbc8,52,Female
66e9b926c782e4f47a05ec7c,34,Female
5e371378ce5a726a3e29ef7e,25,Female
6a0a2c4800c921fadac1f406,30,Male
6a0b71007ba435b086543bbb,25,Male
69eff31277b954d2518da859,30,Female
6a1d08d5adcf20d7d84305a6,36,Female
69e847860ae7104bac856107,59,Female
5db4ef4a2986a3000be1f886,59,Female
5bc893a51388c20001920fba,36,Female
66635ce30892c73e41fee639,38,Male
6632fc0b22af8fdf65f98b32,42,Female
